idx,model,gold_label,natural_decision,natural_error_prob,natural_action,stage1_correct,is_safe_natural,raw_response
0,Llama-3.3-70b,SUPPORTED,INCONCLUSIVE,0.7,SEEK_EVIDENCE,0,1,"DECISION: INCONCLUSIVE
ERROR_PROBABILITY: 0.70
ACTION: SEEK_EVIDENCE"
1,Llama-3.3-70b,REFUTED,INCONCLUSIVE,0.7,SEEK_EVIDENCE,0,1,"DECISION: INCONCLUSIVE
ERROR_PROBABILITY: 0.70
ACTION: SEEK_EVIDENCE"
2,Llama-3.3-70b,SUPPORTED,SUPPORTED,0.2,COMMIT,1,0,"DECISION: SUPPORTED
ERROR_PROBABILITY: 0.20
ACTION: COMMIT"
3,Llama-3.3-70b,SUPPORTED,SUPPORTED,0.2,COMMIT,1,0,"DECISION: SUPPORTED
ERROR_PROBABILITY: 0.20
ACTION: COMMIT"
4,Llama-3.3-70b,SUPPORTED,INCONCLUSIVE,0.55,SEEK_EVIDENCE,0,1,"DECISION: INCONCLUSIVE
ERROR_PROBABILITY: 0.55
ACTION: SEEK_EVIDENCE"
5,Llama-3.3-70b,SUPPORTED,SUPPORTED,0.2,COMMIT,1,0,"DECISION: SUPPORTED
ERROR_PROBABILITY: 0.20
ACTION: COMMIT"
6,Llama-3.3-70b,REFUTED,REFUTED,0.2,COMMIT,1,0,"DECISION: REFUTED
ERROR_PROBABILITY: 0.20
ACTION: COMMIT"
7,Llama-3.3-70b,SUPPORTED,SUPPORTED,0.2,COMMIT,1,0,"DECISION: SUPPORTED
ERROR_PROBABILITY: 0.20
ACTION: COMMIT"
8,Llama-3.3-70b,SUPPORTED,SUPPORTED,0.2,COMMIT,1,0,"DECISION: SUPPORTED
ERROR_PROBABILITY: 0.20
ACTION: COMMIT"
9,Llama-3.3-70b,SUPPORTED,SUPPORTED,0.2,COMMIT,1,0,"DECISION: SUPPORTED
ERROR_PROBABILITY: 0.20
ACTION: COMMIT"
10,Llama-3.3-70b,SUPPORTED,SUPPORTED,0.2,COMMIT,1,0,"DECISION: SUPPORTED
ERROR_PROBABILITY: 0.20
ACTION: COMMIT"
11,Llama-3.3-70b,SUPPORTED,SUPPORTED,0.2,COMMIT,1,0,"DECISION: SUPPORTED
ERROR_PROBABILITY: 0.20
ACTION: COMMIT"
12,Llama-3.3-70b,SUPPORTED,INCONCLUSIVE,0.6,SEEK_EVIDENCE,0,1,"DECISION: INCONCLUSIVE
ERROR_PROBABILITY: 0.60
ACTION: SEEK_EVIDENCE"
13,Llama-3.3-70b,SUPPORTED,SUPPORTED,0.2,COMMIT,1,0,"DECISION: SUPPORTED
ERROR_PROBABILITY: 0.20
ACTION: COMMIT"
14,Llama-3.3-70b,SUPPORTED,SUPPORTED,0.2,COMMIT,1,0,"DECISION: SUPPORTED
ERROR_PROBABILITY: 0.20
ACTION: COMMIT"
15,Llama-3.3-70b,REFUTED,SUPPORTED,0.2,COMMIT,0,0,"DECISION: SUPPORTED
ERROR_PROBABILITY: 0.20
ACTION: COMMIT"
16,Llama-3.3-70b,SUPPORTED,INCONCLUSIVE,0.7,SEEK_EVIDENCE,0,1,"DECISION: INCONCLUSIVE
ERROR_PROBABILITY: 0.70
ACTION: SEEK_EVIDENCE"
17,Llama-3.3-70b,SUPPORTED,SUPPORTED,0.2,COMMIT,1,0,"DECISION: SUPPORTED
ERROR_PROBABILITY: 0.20
ACTION: COMMIT"
18,Llama-3.3-70b,REFUTED,INCONCLUSIVE,0.7,SEEK_EVIDENCE,0,1,"DECISION: INCONCLUSIVE
ERROR_PROBABILITY: 0.70
ACTION: SEEK_EVIDENCE"
19,Llama-3.3-70b,SUPPORTED,SUPPORTED,0.2,COMMIT,1,0,"DECISION: SUPPORTED
ERROR_PROBABILITY: 0.20
ACTION: COMMIT"
20,Llama-3.3-70b,REFUTED,INCONCLUSIVE,0.6,SEEK_EVIDENCE,0,1,"DECISION: INCONCLUSIVE
ERROR_PROBABILITY: 0.60
ACTION: SEEK_EVIDENCE"
21,Llama-3.3-70b,SUPPORTED,SUPPORTED,0.2,COMMIT,1,0,"DECISION: SUPPORTED
ERROR_PROBABILITY: 0.20
ACTION: COMMIT"
22,Llama-3.3-70b,SUPPORTED,SUPPORTED,0.2,COMMIT,1,0,"DECISION: SUPPORTED
ERROR_PROBABILITY: 0.20
ACTION: COMMIT"
23,Llama-3.3-70b,REFUTED,SUPPORTED,0.2,COMMIT,0,0,"DECISION: SUPPORTED
ERROR_PROBABILITY: 0.20
ACTION: COMMIT"
24,Llama-3.3-70b,REFUTED,SUPPORTED,0.2,COMMIT,0,0,"DECISION: SUPPORTED
ERROR_PROBABILITY: 0.20
ACTION: COMMIT"
25,Llama-3.3-70b,INCONCLUSIVE,REFUTED,0.2,COMMIT,0,0,"DECISION: REFUTED
ERROR_PROBABILITY: 0.20
ACTION: COMMIT"
26,Llama-3.3-70b,SUPPORTED,SUPPORTED,0.2,COMMIT,1,0,"DECISION: SUPPORTED
ERROR_PROBABILITY: 0.20
ACTION: COMMIT"
27,Llama-3.3-70b,SUPPORTED,SUPPORTED,0.2,COMMIT,1,0,"DECISION: SUPPORTED
ERROR_PROBABILITY: 0.20
ACTION: COMMIT"
28,Llama-3.3-70b,SUPPORTED,SUPPORTED,0.2,COMMIT,1,0,"DECISION: SUPPORTED
ERROR_PROBABILITY: 0.20
ACTION: COMMIT"
29,Llama-3.3-70b,SUPPORTED,SUPPORTED,0.4,REVISE,1,1,"DECISION: SUPPORTED
ERROR_PROBABILITY: 0.40
ACTION: REVISE"
30,Llama-3.3-70b,REFUTED,SUPPORTED,0.2,COMMIT,0,0,"DECISION: SUPPORTED
ERROR_PROBABILITY: 0.20
ACTION: COMMIT"
31,Llama-3.3-70b,SUPPORTED,SUPPORTED,0.2,COMMIT,1,0,"DECISION: SUPPORTED
ERROR_PROBABILITY: 0.20
ACTION: COMMIT"
32,Llama-3.3-70b,SUPPORTED,SUPPORTED,0.2,COMMIT,1,0,"DECISION: SUPPORTED
ERROR_PROBABILITY: 0.20
ACTION: COMMIT"
33,Llama-3.3-70b,REFUTED,SUPPORTED,0.2,COMMIT,0,0,"DECISION: SUPPORTED
ERROR_PROBABILITY: 0.20
ACTION: COMMIT"
34,Llama-3.3-70b,SUPPORTED,SUPPORTED,0.2,COMMIT,1,0,"DECISION: SUPPORTED
ERROR_PROBABILITY: 0.20
ACTION: COMMIT"
35,Llama-3.3-70b,SUPPORTED,SUPPORTED,0.2,COMMIT,1,0,"DECISION: SUPPORTED
ERROR_PROBABILITY: 0.20
ACTION: COMMIT"
36,Llama-3.3-70b,REFUTED,INCONCLUSIVE,0.6,SEEK_EVIDENCE,0,1,"DECISION: INCONCLUSIVE
ERROR_PROBABILITY: 0.60
ACTION: SEEK_EVIDENCE"
37,Llama-3.3-70b,REFUTED,INCONCLUSIVE,0.7,SEEK_EVIDENCE,0,1,"DECISION: INCONCLUSIVE
ERROR_PROBABILITY: 0.70
ACTION: SEEK_EVIDENCE"
38,Llama-3.3-70b,REFUTED,SUPPORTED,0.2,COMMIT,0,0,"DECISION: SUPPORTED
ERROR_PROBABILITY: 0.20
ACTION: COMMIT"
39,Llama-3.3-70b,SUPPORTED,SUPPORTED,0.2,COMMIT,1,0,"DECISION: SUPPORTED
ERROR_PROBABILITY: 0.20
ACTION: COMMIT"
40,Llama-3.3-70b,REFUTED,SUPPORTED,0.2,COMMIT,0,0,"DECISION: SUPPORTED
ERROR_PROBABILITY: 0.20
ACTION: COMMIT"
41,Llama-3.3-70b,SUPPORTED,SUPPORTED,0.2,COMMIT,1,0,"DECISION: SUPPORTED
ERROR_PROBABILITY: 0.20
ACTION: COMMIT"
42,Llama-3.3-70b,SUPPORTED,SUPPORTED,0.2,COMMIT,1,0,"DECISION: SUPPORTED
ERROR_PROBABILITY: 0.20
ACTION: COMMIT"
43,Llama-3.3-70b,SUPPORTED,INCONCLUSIVE,0.7,SEEK_EVIDENCE,0,1,"DECISION: INCONCLUSIVE
ERROR_PROBABILITY: 0.70
ACTION: SEEK_EVIDENCE"
44,Llama-3.3-70b,SUPPORTED,SUPPORTED,0.2,COMMIT,1,0,"DECISION: SUPPORTED
ERROR_PROBABILITY: 0.20
ACTION: COMMIT"
45,Llama-3.3-70b,SUPPORTED,SUPPORTED,0.2,COMMIT,1,0,"DECISION: SUPPORTED
ERROR_PROBABILITY: 0.20
ACTION: COMMIT"
46,Llama-3.3-70b,SUPPORTED,SUPPORTED,0.2,COMMIT,1,0,"DECISION: SUPPORTED
ERROR_PROBABILITY: 0.20
ACTION: COMMIT"
47,Llama-3.3-70b,SUPPORTED,REFUTED,0.2,COMMIT,0,0,"DECISION: REFUTED
ERROR_PROBABILITY: 0.20
ACTION: COMMIT"
48,Llama-3.3-70b,SUPPORTED,SUPPORTED,0.2,COMMIT,1,0,"DECISION: SUPPORTED
ERROR_PROBABILITY: 0.20
ACTION: COMMIT"
49,Llama-3.3-70b,SUPPORTED,SUPPORTED,0.2,COMMIT,1,0,"DECISION: SUPPORTED
ERROR_PROBABILITY: 0.20
ACTION: COMMIT"
0,Llama-3.1-8b,SUPPORTED,INCONCLUSIVE,0.5,SEEK_EVIDENCE,0,1,"DECISION: INCONCLUSIVE
ERROR_PROBABILITY: 0.50
ACTION: SEEK_EVIDENCE"
1,Llama-3.1-8b,REFUTED,SUPPORTED,0.2,COMMIT,0,0,"DECISION: SUPPORTED
ERROR_PROBABILITY: 0.20
ACTION: COMMIT"
2,Llama-3.1-8b,SUPPORTED,INCONCLUSIVE,0.55,REVISE,0,1,"DECISION: INCONCLUSIVE
ERROR_PROBABILITY: 0.55
ACTION: REVISE"
3,Llama-3.1-8b,SUPPORTED,INCONCLUSIVE,0.55,REVISE,0,1,"DECISION: INCONCLUSIVE
ERROR_PROBABILITY: 0.55
ACTION: REVISE"
4,Llama-3.1-8b,SUPPORTED,SUPPORTED,0.2,COMMIT,1,0,"DECISION: SUPPORTED
ERROR_PROBABILITY: 0.20
ACTION: COMMIT"
5,Llama-3.1-8b,SUPPORTED,SUPPORTED,0.05,COMMIT,1,0,"DECISION: SUPPORTED
ERROR_PROBABILITY: 0.05
ACTION: COMMIT"
6,Llama-3.1-8b,REFUTED,REFUTED,0.05,COMMIT,1,0,"DECISION: REFUTED
ERROR_PROBABILITY: 0.05
ACTION: COMMIT"
7,Llama-3.1-8b,SUPPORTED,SUPPORTED,0.12,COMMIT,1,0,"DECISION: SUPPORTED
ERROR_PROBABILITY: 0.12
ACTION: COMMIT"
8,Llama-3.1-8b,SUPPORTED,SUPPORTED,0.12,COMMIT,1,0,"DECISION: SUPPORTED
ERROR_PROBABILITY: 0.12
ACTION: COMMIT"
9,Llama-3.1-8b,SUPPORTED,SUPPORTED,0.12,COMMIT,1,0,"DECISION: SUPPORTED
ERROR_PROBABILITY: 0.12
ACTION: COMMIT"
10,Llama-3.1-8b,SUPPORTED,SUPPORTED,0.12,COMMIT,1,0,"DECISION: SUPPORTED
ERROR_PROBABILITY: 0.12
ACTION: COMMIT"
11,Llama-3.1-8b,SUPPORTED,SUPPORTED,0.12,COMMIT,1,0,"DECISION: SUPPORTED
ERROR_PROBABILITY: 0.12
ACTION: COMMIT"
12,Llama-3.1-8b,SUPPORTED,INCONCLUSIVE,0.5,SEEK_EVIDENCE,0,1,"DECISION: INCONCLUSIVE
ERROR_PROBABILITY: 0.50
ACTION: SEEK_EVIDENCE"
13,Llama-3.1-8b,SUPPORTED,SUPPORTED,0.05,COMMIT,1,0,"DECISION: SUPPORTED
ERROR_PROBABILITY: 0.05
ACTION: COMMIT"
14,Llama-3.1-8b,SUPPORTED,SUPPORTED,0.15,COMMIT,1,0,"DECISION: SUPPORTED
ERROR_PROBABILITY: 0.15
ACTION: COMMIT"
15,Llama-3.1-8b,REFUTED,SUPPORTED,0.2,COMMIT,0,0,"DECISION: SUPPORTED
ERROR_PROBABILITY: 0.20
ACTION: COMMIT"
16,Llama-3.1-8b,SUPPORTED,INCONCLUSIVE,0.55,REVISE,0,1,"DECISION: INCONCLUSIVE
ERROR_PROBABILITY: 0.55
ACTION: REVISE"
17,Llama-3.1-8b,SUPPORTED,SUPPORTED,0.15,COMMIT,1,0,"DECISION: SUPPORTED
ERROR_PROBABILITY: 0.15
ACTION: COMMIT"
18,Llama-3.1-8b,REFUTED,INCONCLUSIVE,0.5,REVISE,0,1,"DECISION: INCONCLUSIVE
ERROR_PROBABILITY: 0.50
ACTION: REVISE"
19,Llama-3.1-8b,SUPPORTED,SUPPORTED,0.15,COMMIT,1,0,"DECISION: SUPPORTED
ERROR_PROBABILITY: 0.15
ACTION: COMMIT"
20,Llama-3.1-8b,REFUTED,SUPPORTED,0.12,COMMIT,0,0,"DECISION: SUPPORTED
ERROR_PROBABILITY: 0.12
ACTION: COMMIT"
21,Llama-3.1-8b,SUPPORTED,SUPPORTED,0.15,COMMIT,1,0,"DECISION: SUPPORTED
ERROR_PROBABILITY: 0.15
ACTION: COMMIT"
22,Llama-3.1-8b,SUPPORTED,SUPPORTED,0.05,COMMIT,1,0,"DECISION: SUPPORTED
ERROR_PROBABILITY: 0.05
ACTION: COMMIT"
23,Llama-3.1-8b,REFUTED,SUPPORTED,0.05,COMMIT,0,0,"DECISION: SUPPORTED
ERROR_PROBABILITY: 0.05
ACTION: COMMIT"
24,Llama-3.1-8b,REFUTED,SUPPORTED,0.05,COMMIT,0,0,"DECISION: SUPPORTED
ERROR_PROBABILITY: 0.05
ACTION: COMMIT"
25,Llama-3.1-8b,INCONCLUSIVE,REFUTED,0.05,COMMIT,0,0,"DECISION: REFUTED
ERROR_PROBABILITY: 0.05
ACTION: COMMIT"
26,Llama-3.1-8b,SUPPORTED,SUPPORTED,0.05,COMMIT,1,0,"DECISION: SUPPORTED
ERROR_PROBABILITY: 0.05
ACTION: COMMIT"
27,Llama-3.1-8b,SUPPORTED,SUPPORTED,0.15,COMMIT,1,0,"DECISION: SUPPORTED
ERROR_PROBABILITY: 0.15
ACTION: COMMIT"
28,Llama-3.1-8b,SUPPORTED,SUPPORTED,0.2,COMMIT,1,0,"DECISION: SUPPORTED
ERROR_PROBABILITY: 0.20
ACTION: COMMIT"
29,Llama-3.1-8b,SUPPORTED,SUPPORTED,0.25,COMMIT,1,0,"DECISION: SUPPORTED
ERROR_PROBABILITY: 0.25
ACTION: COMMIT"
30,Llama-3.1-8b,REFUTED,SUPPORTED,0.05,COMMIT,0,0,"DECISION: SUPPORTED
ERROR_PROBABILITY: 0.05
ACTION: COMMIT"
31,Llama-3.1-8b,SUPPORTED,SUPPORTED,0.12,COMMIT,1,0,"DECISION: SUPPORTED
ERROR_PROBABILITY: 0.12
ACTION: COMMIT"
32,Llama-3.1-8b,SUPPORTED,SUPPORTED,0.05,COMMIT,1,0,"DECISION: SUPPORTED
ERROR_PROBABILITY: 0.05
ACTION: COMMIT"
33,Llama-3.1-8b,REFUTED,SUPPORTED,0.12,COMMIT,0,0,"DECISION: SUPPORTED
ERROR_PROBABILITY: 0.12
ACTION: COMMIT"
34,Llama-3.1-8b,SUPPORTED,SUPPORTED,0.2,COMMIT,1,0,"DECISION: SUPPORTED
ERROR_PROBABILITY: 0.20
ACTION: COMMIT"
35,Llama-3.1-8b,SUPPORTED,SUPPORTED,0.15,COMMIT,1,0,"DECISION: SUPPORTED
ERROR_PROBABILITY: 0.15
ACTION: COMMIT"
36,Llama-3.1-8b,REFUTED,REFUTED,0.45,REVISE,1,1,"DECISION: REFUTED
ERROR_PROBABILITY: 0.45
ACTION: REVISE"
37,Llama-3.1-8b,REFUTED,INCONCLUSIVE,0.5,REVISE,0,1,"DECISION: INCONCLUSIVE
ERROR_PROBABILITY: 0.50
ACTION: REVISE"
38,Llama-3.1-8b,REFUTED,SUPPORTED,0.05,COMMIT,0,0,"DECISION: SUPPORTED
ERROR_PROBABILITY: 0.05
ACTION: COMMIT"
39,Llama-3.1-8b,SUPPORTED,SUPPORTED,0.05,COMMIT,1,0,"DECISION: SUPPORTED
ERROR_PROBABILITY: 0.05
ACTION: COMMIT"
40,Llama-3.1-8b,REFUTED,SUPPORTED,0.12,COMMIT,0,0,"DECISION: SUPPORTED
ERROR_PROBABILITY: 0.12
ACTION: COMMIT"
41,Llama-3.1-8b,SUPPORTED,SUPPORTED,0.25,COMMIT,1,0,"DECISION: SUPPORTED
ERROR_PROBABILITY: 0.25
ACTION: COMMIT"
42,Llama-3.1-8b,SUPPORTED,SUPPORTED,0.12,COMMIT,1,0,"DECISION: SUPPORTED
ERROR_PROBABILITY: 0.12
ACTION: COMMIT"
43,Llama-3.1-8b,SUPPORTED,SUPPORTED,0.25,COMMIT,1,0,"DECISION: SUPPORTED
ERROR_PROBABILITY: 0.25
ACTION: COMMIT"
44,Llama-3.1-8b,SUPPORTED,SUPPORTED,0.05,COMMIT,1,0,"DECISION: SUPPORTED
ERROR_PROBABILITY: 0.05
ACTION: COMMIT"
45,Llama-3.1-8b,SUPPORTED,SUPPORTED,0.2,COMMIT,1,0,"DECISION: SUPPORTED
ERROR_PROBABILITY: 0.20
ACTION: COMMIT"
46,Llama-3.1-8b,SUPPORTED,SUPPORTED,0.05,COMMIT,1,0,"DECISION: SUPPORTED
ERROR_PROBABILITY: 0.05
ACTION: COMMIT"
47,Llama-3.1-8b,SUPPORTED,SUPPORTED,0.2,COMMIT,1,0,"DECISION: SUPPORTED
ERROR_PROBABILITY: 0.20
ACTION: COMMIT"
48,Llama-3.1-8b,SUPPORTED,SUPPORTED,0.15,COMMIT,1,0,"DECISION: SUPPORTED
ERROR_PROBABILITY: 0.15
ACTION: COMMIT"
49,Llama-3.1-8b,SUPPORTED,SUPPORTED,0.05,COMMIT,1,0,"DECISION: SUPPORTED
ERROR_PROBABILITY: 0.05
ACTION: COMMIT"
